,0
0,plant
1,archae
2,Bacteria
3,Bacteria
4,Invertebrates
5,virus
6,virus
7,plant
8,plant
9,vertebrates
10,plant
11,Invertebrates
12,virus
13,vertebrates
14,Bacteria
15,mammals
16,Invertebrates
17,Invertebrates
18,Invertebrates
19,plant
20,Bacteria
21,virus
22,vertebrates
23,virus
24,vertebrates
25,Bacteria
26,plant
27,mammals
28,virus
29,virus
30,plant
31,Invertebrates
32,Bacteria
33,virus
34,virus
35,plant
36,Invertebrates
37,vertebrates
38,Bacteria
39,vertebrates
40,Bacteria
41,Bacteria
42,mammals
43,mammals
44,rodents
45,Invertebrates
46,bacyeriophage
47,plant
48,plant
49,vertebrates
50,mammals
51,vertebrates
52,vertebrates
53,virus
54,plant
55,Bacteria
56,virus
57,mammals
58,vertebrates
59,Bacteria
60,vertebrates
61,Bacteria
62,vertebrates
63,plant
64,Bacteria
65,virus
66,plant
67,virus
68,Bacteria
69,plant
70,vertebrates
71,virus
72,bacyeriophage
73,mammals
74,Invertebrates
75,virus
76,virus
77,vertebrates
78,virus
79,Bacteria
80,Bacteria
81,virus
82,virus
83,plant
84,plant
85,Bacteria
86,virus
87,plant
88,virus
89,plant
90,Bacteria
91,virus
92,Invertebrates
93,mammals
94,virus
95,plant
96,plant
97,plant
98,Bacteria
99,plant
100,virus
101,plant
102,mammals
103,mammals
104,virus
105,Bacteria
106,Bacteria
107,Invertebrates
108,plant
109,Invertebrates
110,Bacteria
111,Bacteria
112,plant
113,mammals
114,plant
115,virus
116,Bacteria
117,virus
118,vertebrates
119,mammals
120,Bacteria
121,vertebrates
122,primates
123,Bacteria
124,virus
125,Invertebrates
126,virus
127,Bacteria
128,vertebrates
129,plant
130,virus
131,vertebrates
132,vertebrates
133,vertebrates
134,Bacteria
135,Bacteria
136,virus
137,Bacteria
138,rodents
139,vertebrates
140,Bacteria
141,Invertebrates
142,plant
143,vertebrates
144,vertebrates
145,virus
146,Bacteria
147,Bacteria
148,Bacteria
149,virus
150,virus
151,Bacteria
152,Bacteria
153,plant
154,virus
155,vertebrates
156,virus
157,Bacteria
158,virus
159,Invertebrates
160,virus
161,Bacteria
162,Bacteria
163,Invertebrates
164,mammals
165,virus
166,vertebrates
167,Bacteria
168,plant
169,vertebrates
170,virus
171,mammals
172,Bacteria
173,virus
174,Invertebrates
175,vertebrates
176,Bacteria
177,vertebrates
178,plant
179,vertebrates
180,virus
181,virus
182,Bacteria
183,Bacteria
184,virus
185,Bacteria
186,Invertebrates
187,Bacteria
188,vertebrates
189,plant
190,plant
191,Bacteria
192,plant
193,vertebrates
194,virus
195,virus
196,Bacteria
197,plant
198,virus
199,vertebrates
200,Bacteria
201,Bacteria
202,Invertebrates
203,plant
204,vertebrates
205,virus
206,vertebrates
207,virus
208,archae
209,virus
210,vertebrates
211,plant
212,Bacteria
213,vertebrates
214,Invertebrates
215,virus
216,Bacteria
217,vertebrates
218,virus
219,Bacteria
220,Invertebrates
221,Invertebrates
222,plant
223,Bacteria
224,virus
225,virus
226,Invertebrates
227,plant
228,plant
229,vertebrates
230,Invertebrates
231,virus
232,mammals
233,vertebrates
234,virus
235,vertebrates
236,virus
237,vertebrates
238,plant
239,plant
240,Bacteria
241,Invertebrates
242,plant
243,Bacteria
244,virus
245,Bacteria
246,virus
247,Bacteria
248,Bacteria
249,Bacteria
250,Bacteria
251,vertebrates
252,Bacteria
253,Bacteria
254,vertebrates
255,virus
256,virus
257,plant
258,virus
259,virus
260,Bacteria
261,vertebrates
262,vertebrates
263,virus
264,Bacteria
265,plant
266,vertebrates
267,vertebrates
268,Bacteria
269,Invertebrates
270,virus
271,virus
272,plant
273,virus
274,virus
275,virus
276,Invertebrates
277,Invertebrates
278,plant
279,vertebrates
280,virus
281,Bacteria
282,Bacteria
283,archae
284,virus
285,Bacteria
286,Bacteria
287,virus
288,Bacteria
289,plant
290,vertebrates
291,Bacteria
292,vertebrates
293,vertebrates
294,vertebrates
295,Bacteria
296,plant
297,primates
298,Invertebrates
299,plant
300,plant
301,virus
302,Invertebrates
303,rodents
304,vertebrates
305,Invertebrates
306,vertebrates
307,virus
308,Bacteria
309,vertebrates
310,rodents
311,plant
312,Invertebrates
313,Bacteria
314,virus
315,Bacteria
316,virus
317,virus
318,plant
319,Bacteria
320,Bacteria
321,Bacteria
322,plant
323,Bacteria
324,plant
325,plant
326,Bacteria
327,virus
328,vertebrates
329,plant
330,vertebrates
331,vertebrates
332,plant
333,vertebrates
334,virus
335,Bacteria
336,vertebrates
337,Bacteria
338,plant
339,vertebrates
340,virus
341,virus
342,vertebrates
343,plant
344,virus
345,plant
346,Invertebrates
347,virus
348,Bacteria
349,mammals
350,virus
351,virus
352,plant
353,Bacteria
354,mammals
355,plant
356,virus
357,plant
358,plant
359,Bacteria
360,Invertebrates
361,vertebrates
362,plant
363,virus
364,plant
365,Invertebrates
366,virus
367,Bacteria
368,virus
369,plant
370,plant
371,plant
372,vertebrates
373,virus
374,virus
375,plant
376,virus
377,plant
378,Invertebrates
379,Bacteria
380,vertebrates
381,virus
382,Bacteria
383,plant
384,plant
385,virus
386,plant
387,vertebrates
388,Invertebrates
389,plant
390,vertebrates
391,Invertebrates
392,Bacteria
393,vertebrates
394,Invertebrates
395,Bacteria
396,plant
397,plant
398,plant
399,vertebrates
400,plant
401,virus
402,Invertebrates
403,Bacteria
404,virus
405,virus
406,virus
407,plant
408,vertebrates
409,plant
410,Bacteria
411,virus
412,mammals
413,virus
414,bacyeriophage
415,virus
416,plant
417,virus
418,vertebrates
419,plant
420,Bacteria
421,vertebrates
422,plant
423,Bacteria
424,virus
425,plant
426,Bacteria
427,vertebrates
428,plant
429,virus
430,virus
431,mammals
432,virus
433,virus
434,Bacteria
435,virus
436,virus
437,Bacteria
438,bacyeriophage
439,virus
440,vertebrates
441,primates
442,plant
443,mammals
444,virus
445,bacyeriophage
446,Bacteria
447,Bacteria
448,Bacteria
449,Bacteria
450,mammals
451,virus
452,vertebrates
453,vertebrates
454,mammals
455,plant
456,plant
457,plant
458,virus
459,primates
460,Bacteria
461,Invertebrates
462,plant
463,virus
464,vertebrates
465,Bacteria
466,Invertebrates
467,virus
468,mammals
469,vertebrates
470,virus
471,virus
472,Bacteria
473,Bacteria
474,plant
475,vertebrates
476,vertebrates
477,Invertebrates
478,vertebrates
479,vertebrates
480,Invertebrates
481,mammals
482,vertebrates
483,Bacteria
484,plant
485,virus
486,primates
487,virus
488,virus
489,Bacteria
490,plant
491,plant
492,plant
493,Bacteria
494,Bacteria
495,vertebrates
496,Bacteria
497,vertebrates
498,virus
499,Bacteria
500,virus
501,Bacteria
502,vertebrates
503,virus
504,vertebrates
505,plant
506,mammals
507,Invertebrates
508,plant
509,plant
510,bacyeriophage
511,plant
512,vertebrates
513,vertebrates
514,Bacteria
515,Bacteria
516,virus
517,Bacteria
518,Invertebrates
519,vertebrates
520,Invertebrates
521,plant
522,mammals
523,primates
524,virus
525,plant
526,virus
527,plant
528,Invertebrates
529,Invertebrates
530,virus
531,plant
532,Invertebrates
533,Bacteria
534,vertebrates
535,vertebrates
536,primates
537,mammals
538,Bacteria
539,Bacteria
540,virus
541,Bacteria
542,plant
543,virus
544,Bacteria
545,plant
546,virus
547,mammals
548,Bacteria
549,Bacteria
550,vertebrates
551,primates
552,Bacteria
553,vertebrates
554,vertebrates
555,Invertebrates
556,bacyeriophage
557,Bacteria
558,Bacteria
559,plant
560,Bacteria
561,virus
562,virus
563,plant
564,vertebrates
565,plant
566,plant
567,virus
568,primates
569,virus
570,virus
571,plant
572,plant
573,virus
574,virus
575,Bacteria
576,Bacteria
577,virus
578,virus
579,mammals
580,Invertebrates
581,virus
582,vertebrates
583,vertebrates
584,plant
585,virus
586,Bacteria
587,virus
588,vertebrates
589,plant
590,plant
591,plant
592,plant
593,vertebrates
594,plant
595,virus
596,mammals
597,vertebrates
598,plant
599,Bacteria
600,vertebrates
601,virus
602,Invertebrates
603,vertebrates
604,virus
605,vertebrates
606,plant
607,Invertebrates
608,vertebrates
609,plant
610,Bacteria
611,virus
612,plant
613,Bacteria
614,Bacteria
615,virus
616,vertebrates
617,bacyeriophage
618,Bacteria
619,primates
620,virus
621,Bacteria
622,Bacteria
623,Bacteria
624,Bacteria
625,vertebrates
626,plant
627,Invertebrates
628,plant
629,virus
630,virus
631,primates
632,virus
633,vertebrates
634,plant
635,vertebrates
636,virus
637,vertebrates
638,plant
639,Bacteria
640,Bacteria
641,rodents
642,Invertebrates
643,virus
644,mammals
645,Bacteria
646,vertebrates
647,plant
648,vertebrates
649,vertebrates
650,Bacteria
651,virus
652,virus
653,virus
654,virus
655,vertebrates
656,plant
657,Bacteria
658,vertebrates
659,virus
660,Bacteria
661,Bacteria
662,vertebrates
663,bacyeriophage
664,virus
665,mammals
666,vertebrates
667,plant
668,Bacteria
669,Bacteria
670,virus
671,Bacteria
672,Bacteria
673,virus
674,Bacteria
675,virus
676,plant
677,mammals
678,vertebrates
679,Invertebrates
680,virus
681,virus
682,virus
683,vertebrates
684,plant
685,virus
686,Bacteria
687,vertebrates
688,virus
689,Invertebrates
690,vertebrates
691,virus
692,vertebrates
693,vertebrates
694,vertebrates
695,Invertebrates
696,vertebrates
697,vertebrates
698,virus
699,Bacteria
700,Bacteria
701,Bacteria
702,Bacteria
703,vertebrates
704,virus
705,Bacteria
706,plant
707,virus
708,Bacteria
709,Bacteria
710,Bacteria
711,vertebrates
712,plant
713,Bacteria
714,mammals
715,virus
716,vertebrates
717,Bacteria
718,virus
719,virus
720,virus
721,virus
722,virus
723,plant
724,vertebrates
725,Bacteria
726,plant
727,mammals
728,plant
729,vertebrates
730,virus
731,plant
732,Bacteria
733,virus
734,vertebrates
735,Bacteria
736,mammals
737,plant
738,plant
739,plant
740,plant
741,vertebrates
742,Invertebrates
743,plant
744,plant
745,Bacteria
746,vertebrates
747,vertebrates
748,Bacteria
749,Invertebrates
750,Bacteria
751,vertebrates
752,plant
753,Invertebrates
754,Invertebrates
755,Bacteria
756,vertebrates
757,Bacteria
758,plant
759,mammals
760,virus
761,plant
762,mammals
763,plant
764,plant
765,primates
766,vertebrates
767,Bacteria
768,rodents
769,vertebrates
770,Invertebrates
771,Bacteria
772,virus
773,vertebrates
774,Bacteria
775,virus
776,virus
777,Bacteria
778,plant
779,plant
780,Invertebrates
781,virus
782,plant
783,vertebrates
784,Bacteria
785,Invertebrates
786,Invertebrates
787,plant
788,virus
789,virus
790,Bacteria
791,plant
792,plant
793,Bacteria
794,Invertebrates
795,Bacteria
796,Bacteria
797,virus
798,Bacteria
799,Bacteria
800,virus
801,mammals
802,Bacteria
803,Invertebrates
804,vertebrates
805,plant
806,vertebrates
807,Bacteria
808,Bacteria
809,Bacteria
810,Bacteria
811,Bacteria
812,Invertebrates
813,Bacteria
814,virus
815,virus
816,vertebrates
817,Bacteria
818,plant
819,virus
820,vertebrates
821,Invertebrates
822,virus
823,virus
824,virus
825,virus
826,Bacteria
827,virus
828,Bacteria
829,Bacteria
830,vertebrates
831,Bacteria
832,primates
833,bacyeriophage
834,vertebrates
835,mammals
836,vertebrates
837,vertebrates
838,vertebrates
839,vertebrates
840,virus
841,Bacteria
842,Invertebrates
843,mammals
844,vertebrates
845,plant
846,Bacteria
847,Bacteria
848,virus
849,virus
850,Bacteria
851,Invertebrates
852,virus
853,mammals
854,mammals
855,Invertebrates
856,Bacteria
857,plant
858,Bacteria
859,Bacteria
860,plant
861,virus
862,vertebrates
863,Invertebrates
864,Bacteria
865,Invertebrates
866,Bacteria
867,plant
868,plant
869,virus
870,vertebrates
871,virus
872,vertebrates
873,virus
874,rodents
875,plant
876,virus
877,plant
878,primates
879,vertebrates
880,plant
881,virus
882,plant
883,Invertebrates
884,virus
885,Bacteria
886,Bacteria
887,virus
888,vertebrates
889,virus
890,Invertebrates
891,Bacteria
892,Bacteria
893,virus
894,virus
895,vertebrates
896,Bacteria
897,Invertebrates
898,Bacteria
899,Invertebrates
900,Bacteria
901,virus
902,Bacteria
903,vertebrates
904,plant
905,vertebrates
906,plant
907,rodents
908,plant
909,vertebrates
910,archae
911,plant
912,Bacteria
913,vertebrates
914,plant
915,virus
916,Bacteria
917,plant
918,Bacteria
919,plant
920,Bacteria
921,plant
922,vertebrates
923,Bacteria
924,Invertebrates
925,Bacteria
926,virus
927,mammals
928,vertebrates
929,Bacteria
930,Invertebrates
931,virus
932,vertebrates
933,mammals
934,virus
935,vertebrates
936,virus
937,Bacteria
938,vertebrates
939,virus
940,mammals
941,plant
942,plant
943,virus
944,Bacteria
945,Bacteria
946,virus
947,Invertebrates
948,virus
949,Bacteria
950,plant
951,virus
952,plant
953,Bacteria
954,plant
955,Bacteria
956,Bacteria
957,virus
958,plant
959,Bacteria
960,virus
961,vertebrates
962,Bacteria
963,vertebrates
964,Bacteria
965,vertebrates
966,mammals
967,vertebrates
968,virus
969,plant
970,plant
971,Bacteria
972,plant
973,virus
974,Invertebrates
975,plant
976,vertebrates
977,Bacteria
978,vertebrates
979,virus
980,virus
981,plant
982,vertebrates
983,Bacteria
984,virus
985,Invertebrates
986,vertebrates
987,Bacteria
988,vertebrates
989,primates
990,virus
991,vertebrates
992,plant
993,Bacteria
994,virus
995,vertebrates
996,virus
997,plant
998,vertebrates
999,Invertebrates
1000,virus
1001,vertebrates
1002,primates
1003,virus
1004,Bacteria
1005,Bacteria
1006,virus
1007,Invertebrates
1008,mammals
1009,Invertebrates
1010,vertebrates
1011,Bacteria
1012,virus
1013,virus
1014,Bacteria
1015,Invertebrates
1016,Bacteria
1017,Bacteria
1018,Bacteria
1019,virus
1020,Invertebrates
1021,vertebrates
1022,plant
1023,virus
1024,plant
1025,Bacteria
1026,Invertebrates
1027,virus
1028,Bacteria
1029,Bacteria
1030,Bacteria
1031,Bacteria
1032,virus
1033,vertebrates
1034,Bacteria
1035,virus
1036,Bacteria
1037,virus
1038,virus
1039,Bacteria
1040,vertebrates
1041,Bacteria
1042,vertebrates
1043,plant
1044,virus
1045,Bacteria
1046,Invertebrates
1047,vertebrates
1048,virus
1049,Invertebrates
1050,plant
1051,Bacteria
1052,vertebrates
1053,plant
1054,virus
1055,mammals
1056,Bacteria
1057,Bacteria
1058,Bacteria
1059,Invertebrates
1060,plant
1061,plant
1062,Invertebrates
1063,vertebrates
1064,vertebrates
1065,plant
1066,plant
1067,Bacteria
1068,Bacteria
1069,bacyeriophage
1070,virus
1071,Invertebrates
1072,plant
1073,plant
1074,Bacteria
1075,rodents
1076,archae
1077,vertebrates
1078,plant
1079,mammals
1080,Invertebrates
1081,Bacteria
1082,plant
1083,Bacteria
1084,Bacteria
1085,Bacteria
1086,plant
1087,plant
1088,vertebrates
1089,vertebrates
1090,plant
1091,vertebrates
1092,virus
1093,plant
1094,virus
1095,plant
1096,Bacteria
1097,mammals
1098,Bacteria
1099,plant
1100,virus
1101,plant
1102,Bacteria
1103,rodents
1104,virus
1105,Bacteria
1106,vertebrates
1107,vertebrates
1108,Bacteria
1109,plant
1110,plant
1111,virus
1112,Bacteria
1113,plant
1114,bacyeriophage
1115,plant
1116,vertebrates
1117,virus
1118,plant
1119,virus
1120,virus
1121,mammals
1122,vertebrates
1123,vertebrates
1124,plant
1125,vertebrates
1126,mammals
1127,plant
1128,virus
1129,plant
1130,plant
1131,mammals
1132,Bacteria
1133,vertebrates
1134,vertebrates
1135,virus
1136,virus
1137,plant
1138,primates
1139,vertebrates
1140,virus
1141,Bacteria
1142,plant
1143,Bacteria
1144,virus
1145,plant
1146,Bacteria
1147,virus
1148,vertebrates
1149,Bacteria
1150,vertebrates
1151,Bacteria
1152,bacyeriophage
1153,virus
1154,plant
1155,Bacteria
1156,Bacteria
1157,Bacteria
1158,plant
1159,vertebrates
1160,plant
1161,virus
1162,Bacteria
1163,plant
1164,plant
1165,virus
1166,Bacteria
1167,Bacteria
1168,vertebrates
1169,virus
1170,Invertebrates
1171,Bacteria
1172,plant
1173,vertebrates
1174,Bacteria
1175,Bacteria
1176,plant
1177,virus
1178,vertebrates
1179,plant
1180,vertebrates
1181,mammals
1182,mammals
1183,plant
1184,virus
1185,mammals
1186,plant
1187,archae
1188,Bacteria
1189,Invertebrates
1190,Bacteria
1191,plant
1192,Bacteria
1193,vertebrates
1194,plant
1195,Bacteria
1196,Bacteria
1197,virus
1198,mammals
1199,virus
1200,Bacteria
1201,Bacteria
1202,plant
1203,vertebrates
1204,plant
1205,mammals
1206,Bacteria
1207,plant
1208,virus
1209,virus
1210,plant
1211,Invertebrates
1212,Bacteria
1213,Bacteria
1214,Bacteria
1215,Bacteria
1216,virus
1217,Bacteria
1218,vertebrates
1219,plant
1220,virus
1221,vertebrates
1222,virus
1223,rodents
1224,mammals
1225,vertebrates
1226,virus
1227,plant
1228,virus
1229,plant
1230,primates
1231,virus
1232,Bacteria
1233,plant
1234,plant
1235,plant
1236,plant
1237,Invertebrates
1238,Bacteria
1239,virus
1240,Bacteria
1241,mammals
1242,plant
1243,Invertebrates
1244,Bacteria
1245,plant
1246,Bacteria
1247,plant
1248,plant
1249,Bacteria
1250,Bacteria
1251,vertebrates
1252,vertebrates
1253,vertebrates
1254,plant
1255,virus
1256,mammals
1257,Invertebrates
1258,plant
1259,virus
1260,Bacteria
1261,Bacteria
1262,plant
1263,Bacteria
1264,mammals
1265,Invertebrates
1266,plant
1267,vertebrates
1268,plant
1269,virus
1270,Bacteria
1271,vertebrates
1272,vertebrates
1273,Bacteria
1274,virus
1275,virus
1276,primates
1277,Bacteria
1278,plant
1279,bacyeriophage
1280,plant
1281,Bacteria
1282,vertebrates
1283,Bacteria
1284,Invertebrates
1285,vertebrates
1286,Bacteria
1287,Bacteria
1288,Bacteria
1289,Invertebrates
1290,virus
1291,plant
1292,virus
1293,Bacteria
1294,virus
1295,bacyeriophage
1296,Invertebrates
1297,Bacteria
1298,plant
1299,plant
1300,plant
1301,Bacteria
1302,virus
1303,Invertebrates
1304,Bacteria
1305,Bacteria
1306,virus
1307,Invertebrates
1308,virus
1309,vertebrates
1310,vertebrates
1311,virus
1312,virus
1313,virus
1314,plant
1315,Bacteria
1316,Invertebrates
1317,plant
1318,Invertebrates
1319,plant
1320,plant
1321,mammals
1322,plant
1323,plant
1324,Bacteria
1325,Bacteria
1326,vertebrates
1327,Bacteria
1328,plant
1329,plant
1330,virus
1331,plant
1332,Bacteria
1333,archae
1334,bacyeriophage
1335,virus
1336,Bacteria
1337,plant
1338,plant
1339,Bacteria
1340,virus
1341,plant
1342,virus
1343,vertebrates
1344,plant
1345,Invertebrates
1346,virus
1347,mammals
1348,Invertebrates
1349,Bacteria
1350,virus
1351,vertebrates
1352,virus
1353,vertebrates
1354,plant
1355,vertebrates
1356,plant
1357,virus
1358,plant
1359,plant
1360,mammals
1361,mammals
1362,virus
1363,Bacteria
1364,plant
1365,virus
1366,virus
1367,virus
1368,plant
1369,vertebrates
1370,Bacteria
1371,Bacteria
1372,Invertebrates
1373,virus
1374,virus
1375,Bacteria
1376,virus
1377,plant
1378,vertebrates
1379,vertebrates
1380,virus
1381,rodents
1382,Bacteria
1383,vertebrates
1384,Bacteria
1385,virus
1386,Bacteria
1387,virus
1388,rodents
1389,Bacteria
1390,virus
1391,virus
1392,plant
1393,virus
1394,Bacteria
1395,Bacteria
1396,plant
1397,mammals
1398,virus
1399,Bacteria
1400,vertebrates
1401,plant
1402,vertebrates
1403,vertebrates
1404,Bacteria
1405,plant
1406,plant
1407,vertebrates
1408,Bacteria
1409,Bacteria
1410,virus
1411,Invertebrates
1412,plant
1413,mammals
1414,vertebrates
1415,vertebrates
1416,Bacteria
1417,mammals
1418,Bacteria
1419,virus
1420,Invertebrates
1421,virus
1422,plant
1423,plant
1424,Invertebrates
1425,Bacteria
1426,virus
1427,vertebrates
1428,vertebrates
1429,mammals
1430,virus
1431,Bacteria
1432,Bacteria
1433,plant
1434,Bacteria
1435,rodents
1436,rodents
1437,virus
1438,virus
1439,Invertebrates
1440,Bacteria
1441,plant
1442,Bacteria
1443,plant
1444,plant
1445,vertebrates
1446,plant
1447,Bacteria
1448,virus
1449,virus
1450,virus
1451,mammals
1452,Bacteria
1453,primates
1454,plant
1455,Bacteria
1456,virus
1457,virus
1458,vertebrates
1459,vertebrates
1460,vertebrates
1461,vertebrates
1462,Bacteria
1463,plant
1464,vertebrates
1465,vertebrates
1466,virus
1467,Bacteria
1468,plant
1469,vertebrates
1470,vertebrates
1471,mammals
1472,plant
1473,plant
1474,virus
1475,vertebrates
1476,virus
1477,Invertebrates
1478,virus
1479,virus
1480,plant
1481,virus
1482,Bacteria
1483,Bacteria
1484,Bacteria
1485,plant
1486,Bacteria
1487,Bacteria
1488,Invertebrates
1489,Bacteria
1490,plant
1491,Bacteria
1492,virus
1493,vertebrates
1494,virus
1495,virus
1496,virus
1497,plant
1498,Bacteria
1499,virus
1500,virus
1501,virus
1502,Bacteria
1503,Bacteria
1504,vertebrates
1505,Bacteria
1506,vertebrates
1507,virus
1508,primates
1509,Bacteria
1510,Invertebrates
1511,vertebrates
1512,Bacteria
1513,vertebrates
1514,vertebrates
1515,Bacteria
1516,Invertebrates
1517,vertebrates
1518,vertebrates
1519,plant
1520,Bacteria
1521,vertebrates
1522,virus
1523,Bacteria
1524,Invertebrates
1525,vertebrates
1526,Bacteria
1527,virus
1528,Bacteria
1529,virus
1530,Invertebrates
1531,Invertebrates
1532,virus
1533,Invertebrates
1534,plant
1535,Invertebrates
1536,mammals
1537,Invertebrates
1538,virus
1539,Bacteria
1540,virus
1541,Bacteria
1542,vertebrates
1543,Bacteria
1544,plant
1545,vertebrates
1546,Invertebrates
1547,virus
1548,vertebrates
1549,Bacteria
1550,virus
1551,virus
1552,vertebrates
1553,vertebrates
1554,vertebrates
1555,mammals
1556,vertebrates
1557,plant
1558,plant
1559,mammals
1560,Bacteria
1561,mammals
1562,rodents
1563,bacyeriophage
1564,virus
1565,vertebrates
1566,Bacteria
1567,Bacteria
1568,plant
1569,Bacteria
1570,plant
1571,virus
1572,vertebrates
1573,mammals
1574,plant
1575,plant
1576,virus
1577,Bacteria
1578,virus
1579,Bacteria
1580,Bacteria
1581,plant
1582,Bacteria
1583,plant
1584,plant
1585,vertebrates
1586,Bacteria
1587,primates
1588,vertebrates
1589,virus
1590,Bacteria
1591,virus
1592,vertebrates
1593,vertebrates
1594,virus
1595,Bacteria
1596,plant
1597,Invertebrates
1598,Bacteria
1599,Bacteria
1600,Bacteria
1601,mammals
1602,plant
1603,Bacteria
1604,vertebrates
1605,plant
1606,plant
1607,mammals
1608,Bacteria
1609,bacyeriophage
1610,vertebrates
1611,virus
1612,vertebrates
1613,Bacteria
1614,vertebrates
1615,virus
1616,plant
1617,virus
1618,virus
1619,plant
1620,Bacteria
1621,virus
1622,mammals
1623,Bacteria
1624,plant
1625,virus
1626,plant
1627,virus
1628,rodents
1629,plant
1630,mammals
1631,Bacteria
1632,plant
1633,vertebrates
1634,vertebrates
1635,vertebrates
1636,virus
1637,vertebrates
1638,Bacteria
1639,Bacteria
1640,vertebrates
1641,virus
1642,virus
1643,vertebrates
1644,virus
1645,vertebrates
1646,plant
1647,plant
1648,vertebrates
1649,Invertebrates
1650,Bacteria
1651,Invertebrates
1652,vertebrates
1653,virus
1654,mammals
1655,Bacteria
1656,plant
1657,mammals
1658,virus
1659,plant
1660,plant
1661,Invertebrates
1662,plant
1663,virus
1664,Invertebrates
1665,Bacteria
1666,Bacteria
1667,virus
1668,Bacteria
1669,plant
1670,vertebrates
1671,virus
1672,Bacteria
1673,Bacteria
1674,Invertebrates
1675,virus
1676,plant
1677,vertebrates
1678,Invertebrates
1679,vertebrates
1680,virus
1681,vertebrates
1682,virus
1683,plant
1684,plant
1685,virus
1686,plant
1687,Invertebrates
1688,plant
1689,Invertebrates
1690,virus
1691,plant
1692,mammals
1693,Bacteria
1694,plant
1695,Invertebrates
1696,virus
1697,plant
1698,mammals
1699,vertebrates
1700,Bacteria
1701,Bacteria
1702,plant
1703,plant
1704,Bacteria
1705,vertebrates
1706,vertebrates
1707,virus
1708,vertebrates
1709,plant
1710,plant
1711,plant
1712,plant
1713,plant
1714,plant
1715,Invertebrates
1716,virus
1717,plant
1718,Bacteria
1719,plant
1720,virus
1721,plant
1722,mammals
1723,virus
1724,virus
1725,vertebrates
1726,vertebrates
1727,vertebrates
1728,plant
1729,vertebrates
1730,Bacteria
1731,virus
1732,Invertebrates
1733,Bacteria
1734,plant
1735,vertebrates
1736,Bacteria
1737,Bacteria
1738,rodents
1739,Bacteria
1740,virus
1741,virus
1742,plant
1743,virus
1744,plant
1745,archae
1746,vertebrates
1747,Invertebrates
1748,virus
1749,vertebrates
1750,virus
1751,Bacteria
1752,plant
1753,Bacteria
1754,Bacteria
1755,Bacteria
1756,virus
1757,plant
1758,Bacteria
1759,virus
1760,virus
1761,plant
1762,plant
1763,vertebrates
1764,virus
1765,virus
1766,plant
1767,vertebrates
1768,Invertebrates
1769,vertebrates
1770,bacyeriophage
1771,virus
1772,vertebrates
1773,Bacteria
1774,Bacteria
1775,plant
1776,Bacteria
1777,vertebrates
1778,mammals
1779,Invertebrates
1780,vertebrates
1781,virus
1782,virus
1783,virus
1784,vertebrates
1785,Bacteria
1786,plant
1787,virus
1788,vertebrates
1789,Bacteria
1790,Invertebrates
1791,plant
1792,virus
1793,vertebrates
1794,primates
1795,Invertebrates
1796,plant
1797,vertebrates
1798,Bacteria
1799,Bacteria
1800,virus
1801,mammals
1802,plant
1803,Bacteria
1804,virus
1805,plant
1806,mammals
1807,vertebrates
1808,Invertebrates
1809,primates
1810,virus
1811,Bacteria
1812,primates
1813,vertebrates
1814,plant
1815,Invertebrates
1816,virus
1817,virus
1818,virus
1819,virus
1820,virus
1821,plant
1822,plant
1823,Bacteria
1824,plant
1825,plant
1826,plant
1827,virus
1828,plant
1829,plant
1830,Bacteria
1831,Bacteria
1832,plant
1833,virus
1834,Bacteria
1835,Bacteria
1836,Bacteria
1837,virus
1838,virus
1839,vertebrates
1840,plant
1841,primates
1842,Invertebrates
1843,Bacteria
1844,vertebrates
1845,virus
1846,plant
1847,virus
1848,virus
1849,Bacteria
1850,Bacteria
1851,Bacteria
1852,virus
1853,virus
1854,vertebrates
1855,plant
1856,plant
1857,plant
1858,virus
1859,virus
1860,plant
1861,Bacteria
1862,Bacteria
1863,Bacteria
1864,plant
1865,Bacteria
1866,plant
1867,virus
1868,Bacteria
1869,vertebrates
1870,virus
1871,Invertebrates
1872,vertebrates
1873,vertebrates
1874,mammals
1875,Invertebrates
1876,primates
1877,virus
1878,plant
1879,plant
1880,plant
1881,Invertebrates
1882,plant
1883,plant
1884,plant
1885,virus
1886,vertebrates
1887,plant
1888,virus
1889,virus
1890,Bacteria
1891,vertebrates
1892,virus
1893,Bacteria
1894,plant
1895,virus
1896,plant
1897,virus
1898,plant
1899,Invertebrates
1900,plant
1901,plant
1902,mammals
1903,plant
1904,vertebrates
1905,plant
1906,Bacteria
1907,plant
1908,Bacteria
1909,Bacteria
1910,Bacteria
1911,vertebrates
1912,Invertebrates
1913,Bacteria
1914,virus
1915,vertebrates
1916,virus
1917,plant
1918,vertebrates
1919,virus
1920,Invertebrates
1921,plant
1922,Bacteria
1923,mammals
1924,Bacteria
1925,primates
1926,virus
1927,Invertebrates
1928,plant
1929,Bacteria
1930,virus
1931,Bacteria
1932,virus
1933,vertebrates
1934,mammals
1935,Bacteria
1936,virus
1937,Bacteria
1938,Bacteria
1939,vertebrates
1940,virus
1941,mammals
1942,vertebrates
1943,vertebrates
1944,Invertebrates
1945,Bacteria
1946,vertebrates
1947,virus
1948,plant
1949,vertebrates
1950,vertebrates
1951,vertebrates
1952,mammals
1953,virus
1954,virus
1955,plant
1956,Invertebrates
1957,virus
1958,vertebrates
1959,Bacteria
1960,plant
1961,virus
1962,Bacteria
1963,rodents
1964,Bacteria
1965,virus
1966,vertebrates
1967,Bacteria
1968,vertebrates
1969,mammals
1970,virus
1971,Bacteria
1972,plant
1973,vertebrates
1974,virus
1975,virus
1976,vertebrates
1977,Bacteria
1978,plant
1979,vertebrates
1980,Bacteria
1981,Invertebrates
1982,vertebrates
1983,vertebrates
1984,mammals
1985,vertebrates
1986,vertebrates
1987,mammals
1988,plant
1989,Bacteria
1990,Bacteria
1991,vertebrates
1992,Invertebrates
1993,Invertebrates
1994,virus
1995,plant
1996,virus
1997,Invertebrates
1998,Bacteria
1999,vertebrates
2000,Bacteria
2001,bacyeriophage
2002,vertebrates
2003,vertebrates
2004,Invertebrates
2005,Bacteria
2006,Bacteria
2007,plant
2008,virus
2009,vertebrates
2010,primates
2011,plant
2012,virus
2013,plant
2014,virus
2015,virus
2016,Bacteria
2017,mammals
2018,Invertebrates
2019,virus
2020,Bacteria
2021,rodents
2022,vertebrates
2023,Bacteria
2024,mammals
2025,Invertebrates
2026,virus
2027,Bacteria
2028,Invertebrates
2029,Bacteria
2030,plant
2031,Bacteria
2032,plant
2033,vertebrates
2034,Bacteria
2035,plant
2036,plant
2037,Bacteria
2038,plant
2039,Invertebrates
2040,plant
2041,virus
2042,plant
2043,Invertebrates
2044,Bacteria
2045,plant
2046,virus
2047,vertebrates
2048,plant
2049,vertebrates
2050,Bacteria
2051,plant
2052,plant
2053,vertebrates
2054,vertebrates
2055,Bacteria
2056,plant
2057,vertebrates
2058,virus
2059,Bacteria
2060,plant
2061,virus
2062,Invertebrates
2063,plant
2064,Invertebrates
2065,vertebrates
2066,plant
2067,vertebrates
2068,plant
2069,vertebrates
2070,Bacteria
2071,plant
2072,vertebrates
2073,virus
2074,virus
2075,virus
2076,vertebrates
2077,vertebrates
2078,virus
2079,primates
2080,virus
2081,Invertebrates
2082,Bacteria
2083,Bacteria
2084,virus
2085,virus
2086,plant
2087,vertebrates
2088,virus
2089,Bacteria
2090,virus
2091,Invertebrates
2092,virus
2093,Bacteria
2094,virus
2095,vertebrates
2096,rodents
2097,vertebrates
2098,plant
2099,virus
2100,Bacteria
2101,Bacteria
2102,Bacteria
2103,Bacteria
2104,Bacteria
2105,virus
2106,virus
2107,Bacteria
2108,plant
2109,mammals
2110,Bacteria
2111,plant
2112,virus
2113,Invertebrates
2114,Bacteria
2115,Bacteria
2116,vertebrates
2117,Bacteria
2118,plant
2119,vertebrates
2120,virus
2121,vertebrates
2122,virus
2123,vertebrates
2124,Bacteria
2125,vertebrates
2126,Bacteria
2127,archae
2128,virus
2129,vertebrates
2130,vertebrates
2131,vertebrates
2132,vertebrates
2133,vertebrates
2134,Invertebrates
2135,Bacteria
2136,plant
2137,vertebrates
2138,vertebrates
2139,plant
2140,plant
2141,virus
2142,plant
2143,vertebrates
2144,virus
2145,Bacteria
2146,Invertebrates
2147,Bacteria
2148,Bacteria
2149,virus
2150,plant
2151,vertebrates
2152,virus
2153,Bacteria
2154,vertebrates
2155,plant
2156,vertebrates
2157,plant
2158,vertebrates
2159,virus
2160,plant
2161,vertebrates
2162,Invertebrates
2163,plant
2164,virus
2165,Bacteria
2166,vertebrates
2167,virus
2168,virus
2169,mammals
2170,virus
2171,Bacteria
2172,Invertebrates
2173,virus
2174,Bacteria
2175,vertebrates
2176,plant
2177,vertebrates
2178,Invertebrates
2179,vertebrates
2180,vertebrates
2181,Bacteria
2182,mammals
2183,vertebrates
2184,plant
2185,Bacteria
2186,Bacteria
2187,virus
2188,Bacteria
2189,Bacteria
2190,virus
2191,plant
2192,virus
2193,plant
2194,plant
2195,plant
2196,vertebrates
2197,plant
2198,plant
2199,plant
2200,virus
2201,Bacteria
2202,mammals
2203,mammals
2204,Bacteria
2205,plant
2206,Invertebrates
2207,primates
2208,Bacteria
2209,Bacteria
2210,vertebrates
2211,plant
2212,vertebrates
2213,virus
2214,Invertebrates
2215,virus
2216,plant
2217,virus
2218,Bacteria
2219,plant
2220,virus
2221,vertebrates
2222,Bacteria
2223,vertebrates
2224,bacyeriophage
2225,vertebrates
2226,Invertebrates
2227,plant
2228,Bacteria
2229,Invertebrates
2230,Bacteria
2231,vertebrates
2232,vertebrates
2233,Bacteria
2234,virus
2235,vertebrates
2236,virus
2237,virus
2238,virus
2239,plant
2240,Bacteria
2241,Bacteria
2242,Bacteria
2243,virus
2244,Bacteria
2245,plant
2246,virus
2247,Invertebrates
2248,plant
2249,virus
2250,vertebrates
2251,rodents
2252,Invertebrates
2253,plant
2254,mammals
2255,Invertebrates
2256,virus
2257,virus
2258,Bacteria
2259,vertebrates
2260,plant
2261,Bacteria
2262,plant
2263,virus
2264,Bacteria
2265,Bacteria
2266,Bacteria
2267,plant
2268,virus
2269,virus
2270,Bacteria
2271,virus
2272,Bacteria
2273,Bacteria
2274,Bacteria
2275,virus
2276,Bacteria
2277,virus
2278,plant
2279,plant
2280,vertebrates
2281,plant
2282,mammals
2283,virus
2284,Bacteria
2285,Invertebrates
2286,virus
2287,virus
2288,virus
2289,Bacteria
2290,mammals
2291,virus
2292,Bacteria
2293,vertebrates
2294,Bacteria
2295,Bacteria
2296,Bacteria
2297,Bacteria
2298,vertebrates
2299,Bacteria
2300,vertebrates
2301,virus
2302,virus
2303,Bacteria
2304,Bacteria
2305,virus
2306,Bacteria
2307,Bacteria
2308,plant
2309,plant
2310,virus
2311,virus
2312,Invertebrates
2313,vertebrates
2314,Invertebrates
2315,plant
2316,plant
2317,plant
2318,Invertebrates
2319,virus
2320,plant
2321,plant
2322,Bacteria
2323,Invertebrates
2324,vertebrates
2325,virus
2326,virus
2327,archae
2328,virus
2329,Bacteria
2330,vertebrates
2331,Bacteria
2332,virus
2333,Bacteria
2334,virus
2335,plant
2336,plant
2337,virus
2338,Bacteria
2339,plant
2340,vertebrates
2341,Bacteria
2342,virus
2343,plant
2344,Bacteria
2345,mammals
2346,vertebrates
2347,Bacteria
2348,Invertebrates
2349,virus
2350,vertebrates
2351,Bacteria
2352,virus
2353,Bacteria
2354,Bacteria
2355,mammals
2356,plant
2357,vertebrates
2358,plant
2359,Bacteria
2360,plant
2361,vertebrates
2362,plant
2363,Bacteria
2364,Bacteria
2365,vertebrates
2366,virus
2367,Invertebrates
2368,vertebrates
2369,vertebrates
2370,virus
2371,Bacteria
2372,virus
2373,Bacteria
2374,Bacteria
2375,plant
2376,virus
2377,plant
2378,virus
2379,virus
2380,Bacteria
2381,Invertebrates
2382,virus
2383,plant
2384,mammals
2385,Bacteria
2386,plant
2387,virus
2388,virus
2389,Bacteria
2390,Bacteria
2391,vertebrates
2392,vertebrates
2393,Bacteria
2394,plant
2395,bacyeriophage
2396,plant
2397,rodents
2398,plant
2399,plant
2400,virus
2401,Invertebrates
2402,Bacteria
2403,virus
2404,Invertebrates
2405,plant
2406,Bacteria
2407,virus
2408,plant
2409,vertebrates
2410,plant
2411,Bacteria
2412,plant
2413,Bacteria
2414,vertebrates
2415,virus
2416,vertebrates
2417,plant
2418,bacyeriophage
2419,virus
2420,Bacteria
2421,Bacteria
2422,plant
2423,bacyeriophage
2424,vertebrates
2425,plant
2426,vertebrates
2427,Bacteria
2428,plant
2429,Invertebrates
2430,plant
2431,Bacteria
2432,plant
2433,Bacteria
2434,virus
2435,plant
2436,vertebrates
2437,plant
2438,Bacteria
2439,virus
2440,plant
2441,Bacteria
2442,vertebrates
2443,virus
2444,virus
2445,virus
2446,plant
2447,virus
2448,plant
2449,vertebrates
2450,plant
2451,plant
2452,Bacteria
2453,Bacteria
2454,virus
2455,plant
2456,virus
2457,plant
2458,plant
2459,plant
2460,Bacteria
2461,virus
2462,Bacteria
2463,plant
2464,vertebrates
2465,plant
2466,Bacteria
2467,vertebrates
2468,Bacteria
2469,Invertebrates
2470,vertebrates
2471,virus
2472,Bacteria
2473,virus
2474,virus
2475,plant
2476,Invertebrates
2477,Bacteria
2478,virus
2479,plant
2480,virus
2481,Invertebrates
2482,plant
2483,virus
2484,mammals
2485,virus
2486,virus
2487,plant
2488,Bacteria
2489,virus
2490,plant
2491,mammals
2492,plant
2493,virus
2494,Bacteria
2495,Bacteria
2496,virus
2497,plant
2498,rodents
2499,bacyeriophage
2500,plant
2501,Bacteria
2502,plant
2503,mammals
2504,Bacteria
2505,plant
2506,vertebrates
2507,vertebrates
2508,vertebrates
2509,plant
2510,plant
2511,plant
2512,Bacteria
2513,vertebrates
2514,virus
2515,plant
2516,mammals
2517,plant
2518,plant
2519,virus
2520,virus
2521,plant
2522,vertebrates
2523,vertebrates
2524,Invertebrates
2525,plant
2526,virus
2527,plant
2528,virus
2529,Bacteria
2530,Invertebrates
2531,virus
2532,Bacteria
2533,vertebrates
2534,virus
2535,vertebrates
2536,virus
2537,virus
2538,plant
2539,Bacteria
2540,plant
2541,plant
2542,Bacteria
2543,Invertebrates
2544,virus
2545,Bacteria
2546,rodents
2547,plant
2548,vertebrates
2549,vertebrates
2550,Bacteria
2551,virus
2552,Invertebrates
2553,Bacteria
2554,virus
2555,Bacteria
2556,virus
2557,Bacteria
2558,plant
2559,virus
2560,virus
2561,plant
2562,Bacteria
2563,plant
2564,vertebrates
2565,Bacteria
2566,plant
2567,virus
2568,Invertebrates
2569,mammals
2570,virus
2571,plant
2572,plant
2573,primates
2574,plant
2575,plant
2576,virus
2577,virus
2578,plant
2579,plant
2580,plant
2581,Bacteria
2582,virus
2583,plant
2584,Invertebrates
2585,Bacteria
2586,Bacteria
2587,Bacteria
2588,vertebrates
2589,vertebrates
2590,virus
2591,plant
2592,vertebrates
2593,Bacteria
2594,primates
2595,mammals
2596,virus
2597,Invertebrates
2598,plant
2599,vertebrates
2600,Bacteria
2601,archae
2602,bacyeriophage
2603,archae
2604,virus
2605,plant
2606,virus
2607,Bacteria
2608,virus
2609,vertebrates
2610,Invertebrates
2611,Bacteria
2612,plant
2613,Invertebrates
2614,vertebrates
2615,virus
2616,Bacteria
2617,virus
2618,plant
2619,virus
2620,plant
2621,plant
2622,plant
2623,Invertebrates
2624,vertebrates
2625,virus
2626,vertebrates
2627,plant
2628,plant
2629,vertebrates
2630,Bacteria
2631,Invertebrates
2632,virus
2633,Bacteria
2634,virus
2635,virus
2636,Bacteria
2637,vertebrates
2638,rodents
2639,plant
2640,Invertebrates
2641,vertebrates
2642,vertebrates
2643,Bacteria
2644,vertebrates
2645,Invertebrates
2646,Bacteria
2647,vertebrates
2648,vertebrates
2649,Bacteria
2650,vertebrates
2651,virus
2652,plant
2653,Bacteria
2654,Bacteria
2655,virus
2656,virus
2657,plant
2658,Invertebrates
2659,Invertebrates
2660,virus
2661,plant
2662,vertebrates
2663,virus
2664,Bacteria
2665,Bacteria
2666,plant
2667,virus
2668,virus
2669,plant
2670,Bacteria
2671,Bacteria
2672,plant
2673,plant
2674,virus
2675,Invertebrates
2676,virus
2677,virus
2678,plant
2679,plant
2680,Bacteria
2681,Invertebrates
2682,mammals
2683,Invertebrates
2684,mammals
2685,plant
2686,Bacteria
2687,plant
2688,Invertebrates
2689,virus
2690,Invertebrates
2691,virus
2692,Invertebrates
2693,plant
2694,Invertebrates
2695,virus
2696,Bacteria
2697,Bacteria
2698,plant
2699,mammals
2700,vertebrates
2701,virus
2702,virus
2703,Invertebrates
2704,Bacteria
2705,Bacteria
2706,Bacteria
2707,virus
2708,vertebrates
2709,plant
2710,plant
2711,plant
2712,vertebrates
2713,virus
2714,virus
2715,plant
2716,Bacteria
2717,virus
2718,Bacteria
2719,vertebrates
2720,Bacteria
2721,Invertebrates
2722,vertebrates
2723,virus
2724,Bacteria
2725,virus
2726,Bacteria
2727,vertebrates
2728,vertebrates
2729,rodents
2730,vertebrates
2731,vertebrates
2732,Bacteria
2733,virus
2734,plant
2735,virus
2736,Invertebrates
2737,mammals
2738,vertebrates
2739,virus
2740,Bacteria
2741,virus
2742,virus
2743,Bacteria
2744,plant
2745,vertebrates
2746,virus
2747,plant
2748,Invertebrates
2749,Bacteria
2750,Bacteria
2751,plant
2752,virus
2753,plant
2754,Invertebrates
2755,plant
2756,virus
2757,Bacteria
2758,vertebrates
2759,plant
2760,vertebrates
2761,mammals
2762,vertebrates
2763,plant
2764,Bacteria
2765,plant
2766,vertebrates
2767,mammals
2768,Bacteria
2769,plant
2770,plant
2771,Invertebrates
2772,plant
2773,Invertebrates
2774,vertebrates
2775,vertebrates
2776,virus
2777,Invertebrates
2778,vertebrates
2779,virus
2780,vertebrates
2781,plant
2782,virus
2783,plant
2784,virus
2785,plant
2786,Bacteria
2787,virus
2788,Bacteria
2789,Invertebrates
2790,plant
2791,Bacteria
2792,virus
2793,Bacteria
2794,Bacteria
2795,Bacteria
2796,Bacteria
2797,vertebrates
2798,Bacteria
2799,virus
2800,virus
2801,Bacteria
2802,Bacteria
2803,virus
2804,vertebrates
2805,bacyeriophage
2806,Invertebrates
2807,Invertebrates
2808,Bacteria
2809,virus
2810,vertebrates
2811,Bacteria
2812,vertebrates
2813,virus
2814,Invertebrates
2815,vertebrates
2816,vertebrates
2817,Bacteria
2818,vertebrates
2819,bacyeriophage
2820,vertebrates
2821,plant
2822,Invertebrates
2823,virus
2824,Bacteria
2825,Invertebrates
2826,Invertebrates
2827,Bacteria
2828,virus
2829,vertebrates
2830,plant
2831,plant
2832,virus
2833,virus
2834,Bacteria
2835,virus
2836,vertebrates
2837,virus
2838,Invertebrates
2839,virus
2840,virus
2841,virus
2842,Bacteria
2843,virus
2844,vertebrates
2845,plant
2846,virus
2847,Bacteria
2848,plant
2849,plant
2850,virus
2851,plant
2852,Bacteria
2853,Bacteria
2854,Bacteria
2855,vertebrates
2856,Invertebrates
2857,vertebrates
2858,virus
2859,Invertebrates
2860,plant
2861,plant
2862,bacyeriophage
2863,virus
2864,virus
2865,plant
2866,primates
2867,plant
2868,vertebrates
2869,virus
2870,virus
2871,archae
2872,Bacteria
2873,Invertebrates
2874,vertebrates
2875,virus
2876,plant
2877,virus
2878,Invertebrates
2879,virus
2880,vertebrates
2881,plant
2882,virus
2883,mammals
2884,virus
2885,Bacteria
2886,virus
2887,vertebrates
2888,plant
2889,virus
2890,Invertebrates
2891,Bacteria
2892,virus
2893,Invertebrates
2894,plant
2895,Bacteria
2896,plant
2897,virus
2898,plant
2899,virus
2900,virus
2901,Bacteria
2902,virus
2903,mammals
2904,vertebrates
2905,Invertebrates
2906,vertebrates
2907,Bacteria
2908,virus
2909,mammals
2910,plant
2911,virus
2912,virus
2913,Bacteria
2914,Bacteria
2915,vertebrates
2916,Invertebrates
2917,plant
2918,Bacteria
2919,Invertebrates
2920,Invertebrates
2921,plant
2922,Invertebrates
2923,virus
2924,virus
2925,Invertebrates
2926,vertebrates
2927,virus
2928,plant
2929,vertebrates
2930,plant
2931,Bacteria
2932,virus
2933,virus
2934,Bacteria
2935,plant
2936,virus
2937,Bacteria
2938,Bacteria
2939,plant
2940,virus
2941,Bacteria
2942,virus
2943,plant
2944,virus
2945,virus
2946,virus
2947,Invertebrates
2948,plant
2949,vertebrates
2950,Invertebrates
2951,virus
2952,virus
2953,Bacteria
2954,virus
2955,virus
2956,plant
2957,plant
2958,vertebrates
2959,mammals
2960,vertebrates
2961,vertebrates
2962,plant
2963,virus
2964,plant
2965,vertebrates
2966,virus
2967,vertebrates
2968,Bacteria
2969,virus
2970,vertebrates
2971,virus
2972,virus
2973,virus
2974,Bacteria
2975,Bacteria
2976,mammals
2977,plant
2978,rodents
2979,Bacteria
2980,archae
2981,plant
2982,virus
2983,plant
2984,virus
2985,vertebrates
2986,plant
2987,vertebrates
2988,bacyeriophage
2989,plant
2990,Invertebrates
2991,virus
2992,rodents
2993,Bacteria
2994,plant
2995,Invertebrates
2996,mammals
2997,Bacteria
2998,archae
2999,Bacteria
3000,plant
3001,plant
3002,virus
3003,virus
3004,Bacteria
3005,Bacteria
3006,Bacteria
3007,virus
3008,virus
3009,plant
3010,virus
3011,virus
3012,Invertebrates
3013,Bacteria
3014,Bacteria
3015,vertebrates
3016,virus
3017,Bacteria
3018,virus
3019,vertebrates
3020,plant
3021,vertebrates
3022,plant
3023,virus
3024,vertebrates
3025,virus
3026,plant
3027,Bacteria
3028,bacyeriophage
3029,plant
3030,virus
3031,virus
3032,plant
3033,vertebrates
3034,mammals
3035,vertebrates
3036,Bacteria
3037,plant
3038,virus
3039,Invertebrates
3040,Bacteria
3041,Bacteria
3042,Bacteria
3043,virus
3044,Invertebrates
3045,Bacteria
3046,plant
3047,plant
3048,virus
3049,plant
3050,virus
3051,Bacteria
3052,plant
3053,Bacteria
3054,Bacteria
3055,Invertebrates
3056,Bacteria
3057,vertebrates
3058,vertebrates
3059,plant
3060,Bacteria
3061,mammals
3062,Bacteria
3063,Invertebrates
3064,Bacteria
3065,vertebrates
3066,Bacteria
3067,vertebrates
3068,Invertebrates
3069,virus
3070,Bacteria
3071,plant
3072,plant
3073,plant
3074,mammals
3075,Bacteria
3076,Bacteria
3077,Bacteria
3078,virus
3079,Bacteria
3080,vertebrates
3081,virus
3082,vertebrates
3083,Bacteria
3084,Bacteria
3085,virus
3086,Bacteria
3087,virus
3088,mammals
3089,virus
3090,virus
3091,plant
3092,vertebrates
3093,Bacteria
3094,Bacteria
3095,plant
3096,virus
3097,Invertebrates
3098,Bacteria
3099,plant
3100,plant
3101,virus
3102,vertebrates
3103,virus
3104,vertebrates
3105,Bacteria
3106,plant
3107,Bacteria
3108,Bacteria
3109,virus
3110,vertebrates
3111,virus
3112,virus
3113,Invertebrates
3114,Bacteria
3115,Invertebrates
3116,vertebrates
3117,Bacteria
3118,virus
3119,Bacteria
3120,Bacteria
3121,plant
3122,virus
3123,plant
3124,plant
3125,vertebrates
3126,plant
3127,plant
3128,vertebrates
3129,Invertebrates
3130,vertebrates
3131,Bacteria
3132,vertebrates
3133,virus
3134,vertebrates
3135,vertebrates
3136,plant
3137,virus
3138,virus
3139,plant
3140,vertebrates
3141,Invertebrates
3142,vertebrates
3143,virus
3144,virus
3145,Invertebrates
3146,Bacteria
3147,mammals
3148,mammals
3149,mammals
3150,vertebrates
3151,Bacteria
3152,plant
3153,Invertebrates
3154,Bacteria
3155,Bacteria
3156,Bacteria
3157,Bacteria
3158,Bacteria
3159,virus
3160,Bacteria
3161,virus
3162,vertebrates
3163,mammals
3164,plant
3165,plant
3166,vertebrates
3167,plant
3168,bacyeriophage
3169,vertebrates
3170,vertebrates
3171,Bacteria
3172,primates
3173,vertebrates
3174,Bacteria
3175,virus
3176,plant
3177,Bacteria
3178,Bacteria
3179,plant
3180,Bacteria
3181,Bacteria
3182,vertebrates
3183,vertebrates
3184,mammals
3185,plant
3186,Bacteria
3187,plant
3188,plant
3189,archae
3190,vertebrates
3191,virus
3192,virus
3193,Invertebrates
3194,plant
3195,virus
3196,virus
3197,Invertebrates
3198,Bacteria
3199,Invertebrates
3200,vertebrates
3201,plant
3202,plant
3203,plant
3204,mammals
3205,Invertebrates
3206,bacyeriophage
3207,vertebrates
3208,plant
3209,virus
3210,vertebrates
3211,plant
3212,Bacteria
3213,Bacteria
3214,Bacteria
3215,virus
3216,Bacteria
3217,plant
3218,virus
3219,virus
3220,plant
3221,vertebrates
3222,virus
3223,virus
3224,Bacteria
3225,plant
3226,virus
3227,Bacteria
3228,plant
3229,plant
3230,vertebrates
3231,vertebrates
3232,virus
3233,virus
3234,Bacteria
3235,virus
3236,vertebrates
3237,plant
3238,plant
3239,plant
3240,Invertebrates
3241,Bacteria
3242,virus
3243,plant
3244,mammals
3245,plant
3246,vertebrates
3247,vertebrates
3248,Bacteria
3249,Invertebrates
3250,vertebrates
3251,vertebrates
3252,virus
3253,vertebrates
3254,vertebrates
3255,virus
3256,virus
3257,Bacteria
3258,Bacteria
3259,vertebrates
3260,virus
3261,bacyeriophage
3262,vertebrates
3263,virus
3264,plant
3265,virus
3266,plant
3267,plant
3268,plant
3269,Bacteria
3270,Bacteria
3271,Bacteria
3272,vertebrates
3273,Bacteria
3274,plant
3275,Bacteria
3276,rodents
3277,vertebrates
3278,virus
3279,plant
3280,Bacteria
3281,plant
3282,vertebrates
3283,archae
3284,Bacteria
3285,virus
3286,virus
3287,vertebrates
3288,virus
3289,Bacteria
3290,virus
3291,Invertebrates
3292,plant
3293,Bacteria
3294,vertebrates
3295,vertebrates
3296,plant
3297,virus
3298,Bacteria
3299,Invertebrates
3300,plant
3301,plant
3302,Bacteria
3303,Bacteria
3304,plant
3305,Bacteria
3306,virus
3307,Bacteria
3308,plant
3309,Bacteria
3310,vertebrates
3311,vertebrates
3312,Invertebrates
3313,Bacteria
3314,virus
3315,Bacteria
3316,Bacteria
3317,Invertebrates
3318,vertebrates
3319,virus
3320,plant
3321,plant
3322,Bacteria
3323,virus
3324,Bacteria
3325,virus
3326,vertebrates
3327,virus
3328,vertebrates
3329,Bacteria
3330,plant
3331,vertebrates
3332,virus
3333,Bacteria
3334,virus
3335,plant
3336,Bacteria
3337,vertebrates
3338,Bacteria
3339,vertebrates
3340,virus
3341,Bacteria
3342,vertebrates
3343,virus
3344,plant
3345,vertebrates
3346,Bacteria
3347,virus
3348,plant
3349,Bacteria
3350,virus
3351,Invertebrates
3352,Bacteria
3353,virus
3354,Bacteria
3355,Bacteria
3356,plant
3357,Bacteria
3358,plant
3359,Invertebrates
3360,mammals
3361,Bacteria
3362,virus
3363,virus
3364,Invertebrates
3365,Bacteria
3366,vertebrates
3367,plant
3368,vertebrates
3369,virus
3370,virus
3371,Invertebrates
3372,vertebrates
3373,Bacteria
3374,plant
3375,virus
3376,plant
3377,plant
3378,Bacteria
3379,plant
3380,plant
3381,virus
3382,Bacteria
3383,vertebrates
3384,virus
3385,virus
3386,virus
3387,Bacteria
3388,vertebrates
3389,Invertebrates
3390,virus
3391,plant
3392,primates
3393,mammals
3394,plant
3395,vertebrates
3396,primates
3397,virus
3398,virus
3399,plant
3400,vertebrates
3401,plant
3402,vertebrates
3403,plant
3404,virus
3405,Invertebrates
3406,virus
3407,Bacteria
3408,virus
3409,Bacteria
3410,virus
3411,plant
3412,virus
3413,vertebrates
3414,Bacteria
3415,vertebrates
3416,mammals
3417,mammals
3418,Invertebrates
3419,vertebrates
3420,virus
3421,virus
3422,plant
3423,Bacteria
3424,plant
3425,Bacteria
3426,virus
3427,plant
3428,virus
3429,Bacteria
3430,vertebrates
3431,vertebrates
3432,plant
3433,Invertebrates
3434,virus
3435,vertebrates
3436,virus
3437,plant
3438,plant
3439,Bacteria
3440,virus
3441,vertebrates
3442,Bacteria
3443,virus
3444,Bacteria
3445,vertebrates
3446,Bacteria
3447,virus
3448,vertebrates
3449,virus
3450,plant
3451,virus
3452,Bacteria
3453,Bacteria
3454,Invertebrates
3455,Bacteria
3456,Bacteria
3457,virus
3458,Bacteria
3459,virus
3460,vertebrates
3461,plant
3462,virus
3463,virus
3464,virus
3465,plant
3466,vertebrates
3467,vertebrates
3468,Bacteria
3469,virus
3470,Bacteria
3471,Invertebrates
3472,plant
3473,virus
3474,plant
3475,virus
3476,rodents
3477,vertebrates
3478,Bacteria
3479,plant
3480,plant
3481,Bacteria
3482,Bacteria
3483,vertebrates
3484,Bacteria
3485,plant
3486,virus
3487,virus
3488,vertebrates
3489,primates
3490,plant
3491,plant
3492,Bacteria
3493,Bacteria
3494,virus
3495,Bacteria
3496,archae
3497,plant
3498,Bacteria
3499,plant
3500,mammals
3501,Bacteria
3502,Invertebrates
3503,virus
3504,plant
3505,vertebrates
3506,plant
3507,vertebrates
3508,bacyeriophage
3509,vertebrates
3510,Bacteria
3511,rodents
3512,plant
3513,vertebrates
3514,vertebrates
3515,Invertebrates
3516,virus
3517,Invertebrates
3518,vertebrates
3519,mammals
3520,rodents
3521,Bacteria
3522,virus
3523,plant
3524,Invertebrates
3525,virus
3526,virus
3527,Bacteria
3528,Bacteria
3529,plant
3530,Bacteria
3531,plant
3532,Bacteria
3533,Bacteria
3534,virus
3535,Bacteria
3536,Bacteria
3537,plant
3538,vertebrates
3539,virus
3540,vertebrates
3541,plant
3542,virus
3543,vertebrates
3544,virus
3545,virus
3546,plant
3547,archae
3548,Bacteria
3549,Invertebrates
3550,Bacteria
3551,vertebrates
3552,Bacteria
3553,Bacteria
3554,mammals
3555,plant
3556,vertebrates
3557,Invertebrates
3558,vertebrates
3559,virus
3560,Invertebrates
3561,Bacteria
3562,vertebrates
3563,Bacteria
3564,Bacteria
3565,virus
3566,virus
3567,plant
3568,virus
3569,vertebrates
3570,Bacteria
3571,virus
3572,mammals
3573,plant
3574,plant
3575,Bacteria
3576,plant
3577,Invertebrates
3578,Invertebrates
3579,Bacteria
3580,Invertebrates
3581,Invertebrates
3582,Bacteria
3583,plant
3584,virus
3585,Bacteria
3586,Invertebrates
3587,vertebrates
3588,Bacteria
3589,plant
3590,vertebrates
3591,Bacteria
3592,plant
3593,vertebrates
3594,plant
3595,virus
3596,plant
3597,Bacteria
3598,Bacteria
3599,plant
3600,Bacteria
3601,virus
3602,Invertebrates
3603,virus
3604,virus
3605,Bacteria
3606,Bacteria
3607,Bacteria
3608,Invertebrates
3609,virus
3610,mammals
3611,plant
3612,Bacteria
3613,plant
3614,virus
3615,plant
3616,plant
3617,virus
3618,virus
3619,plant
3620,virus
3621,vertebrates
3622,virus
3623,plant
3624,Bacteria
3625,virus
3626,Bacteria
3627,virus
3628,plant
3629,Bacteria
3630,virus
3631,Invertebrates
3632,plant
3633,plant
3634,plant
3635,plant
3636,plant
3637,plant
3638,Invertebrates
3639,vertebrates
3640,plant
3641,plant
3642,vertebrates
3643,vertebrates
3644,plant
3645,vertebrates
3646,virus
3647,mammals
3648,vertebrates
3649,Bacteria
3650,plant
3651,vertebrates
3652,primates
3653,vertebrates
3654,virus
3655,Invertebrates
3656,virus
3657,Invertebrates
3658,mammals
3659,virus
3660,vertebrates
3661,plant
3662,virus
3663,vertebrates
3664,plant
3665,virus
3666,Invertebrates
3667,Bacteria
3668,Invertebrates
3669,bacyeriophage
3670,virus
3671,virus
3672,Bacteria
3673,plant
3674,virus
3675,Bacteria
3676,Bacteria
3677,vertebrates
3678,vertebrates
3679,vertebrates
3680,Bacteria
3681,mammals
3682,mammals
3683,virus
3684,vertebrates
3685,vertebrates
3686,Bacteria
3687,plant
3688,vertebrates
3689,Bacteria
3690,plant
3691,Bacteria
3692,mammals
3693,Bacteria
3694,vertebrates
3695,mammals
3696,plant
3697,plant
3698,vertebrates
3699,Bacteria
3700,virus
3701,Invertebrates
3702,Bacteria
3703,virus
3704,vertebrates
3705,plant
3706,vertebrates
3707,Bacteria
3708,virus
3709,virus
3710,vertebrates
3711,virus
3712,Bacteria
3713,plant
3714,vertebrates
3715,Bacteria
3716,virus
3717,vertebrates
3718,vertebrates
3719,virus
3720,Bacteria
3721,Invertebrates
3722,plant
3723,Invertebrates
3724,virus
3725,virus
3726,Invertebrates
3727,virus
3728,vertebrates
3729,vertebrates
3730,plant
3731,Bacteria
3732,plant
3733,vertebrates
3734,plant
3735,plant
3736,virus
3737,virus
3738,Bacteria
3739,Bacteria
3740,mammals
3741,Bacteria
3742,Bacteria
3743,Invertebrates
3744,Bacteria
3745,vertebrates
3746,virus
3747,plant
3748,virus
3749,Bacteria
3750,Bacteria
3751,Invertebrates
3752,plant
3753,vertebrates
3754,vertebrates
3755,mammals
3756,plant
3757,virus
3758,vertebrates
3759,vertebrates
3760,rodents
3761,Bacteria
3762,plant
3763,plant
3764,Bacteria
3765,Invertebrates
3766,vertebrates
3767,virus
3768,Invertebrates
3769,vertebrates
3770,virus
3771,virus
3772,Bacteria
3773,Bacteria
3774,Bacteria
3775,vertebrates
3776,Bacteria
3777,virus
3778,virus
3779,Bacteria
3780,vertebrates
3781,Bacteria
3782,virus
3783,plant
3784,vertebrates
3785,Bacteria
3786,Bacteria
3787,plant
3788,plant
3789,vertebrates
3790,vertebrates
3791,Invertebrates
3792,vertebrates
3793,archae
3794,virus
3795,Bacteria
3796,virus
3797,plant
3798,mammals
3799,vertebrates
3800,Invertebrates
3801,virus
3802,Bacteria
3803,virus
3804,plant
3805,plant
3806,Bacteria
3807,Invertebrates
3808,plant
3809,plant
3810,plant
3811,plant
3812,plant
3813,virus
3814,vertebrates
3815,plant
3816,Bacteria
3817,plant
3818,mammals
3819,plant
3820,plant
3821,virus
3822,plant
3823,virus
3824,plant
3825,mammals
3826,vertebrates
3827,rodents
3828,mammals
3829,Bacteria
3830,virus
3831,vertebrates
3832,virus
3833,plant
3834,Bacteria
3835,Invertebrates
3836,Invertebrates
3837,Invertebrates
3838,vertebrates
3839,virus
3840,Bacteria
3841,plant
3842,virus
3843,Bacteria
3844,Bacteria
3845,plant
3846,virus
3847,bacyeriophage
3848,virus
3849,plant
3850,Bacteria
3851,virus
3852,vertebrates
3853,vertebrates
3854,plant
3855,virus
3856,vertebrates
3857,virus
3858,vertebrates
3859,Bacteria
3860,Bacteria
3861,vertebrates
3862,Bacteria
3863,Bacteria
3864,Bacteria
3865,virus
3866,Bacteria
3867,plant
3868,Bacteria
3869,Bacteria
3870,plant
3871,Bacteria
3872,vertebrates
3873,virus
3874,vertebrates
3875,vertebrates
3876,Bacteria
3877,plant
3878,vertebrates
3879,Bacteria
3880,virus
3881,Bacteria
3882,Bacteria
3883,plant
3884,plant
3885,Bacteria
3886,Bacteria
3887,vertebrates
3888,plant
3889,Bacteria
3890,plant
3891,virus
3892,Invertebrates
3893,Invertebrates
3894,vertebrates
3895,vertebrates
3896,mammals
3897,virus
3898,plant
3899,plant
3900,Bacteria
3901,plant
3902,virus
3903,virus
3904,vertebrates
3905,virus
3906,vertebrates
3907,Invertebrates
